epoch,train_loss,train_acc,val_loss,val_acc,val_f1,val_auc,val_sens,val_spec,lr,time_sec
1,0.6928716400259697,0.5573440643863179,0.693992592253775,0.5188679245283019,0.5785123966942148,0.4809892949427833,0.5555555555555556,0.46511627906976744,2.995530133913036e-05,35.23728370666504
2,0.6860210600513328,0.5835010060362174,0.6881642870183261,0.5094339622641509,0.44680851063829785,0.5843484680693982,0.3333333333333333,0.7674418604651163,2.98214809386295e-05,34.619940996170044
3,0.6761853122855096,0.6036217303822937,0.6880395817306807,0.5471698113207547,0.5,0.5909929863418235,0.38095238095238093,0.7906976744186046,2.959936384576631e-05,35.02655100822449
4,0.66769686994898,0.6257545271629779,0.676107258166907,0.6132075471698113,0.616822429906542,0.6585455887781468,0.5238095238095238,0.7441860465116279,2.9290319486279726e-05,34.519237756729126
5,0.6501278510275981,0.6579476861167002,0.6739570757128158,0.5943396226415094,0.5742574257425742,0.6504245108896272,0.4603174603174603,0.7906976744186046,2.8896253221413655e-05,34.34270715713501
6,0.6465258093427124,0.647887323943662,0.6685246397864144,0.6698113207547169,0.6601941747572816,0.689922480620155,0.5396825396825397,0.8604651162790697,2.841959460073133e-05,34.029345750808716
7,0.6313414778747789,0.6579476861167002,0.6639620234381478,0.6132075471698113,0.616822429906542,0.6770025839793281,0.5238095238095238,0.7441860465116279,2.7863282383134336e-05,34.16470980644226
8,0.6128836106246626,0.6861167002012073,0.6496525406837463,0.6415094339622641,0.6545454545454545,0.6913990402362497,0.5714285714285714,0.7441860465116279,2.7230746418436738e-05,33.98535704612732
9,0.587922261754272,0.7122736418511066,0.6520962242810231,0.6226415094339622,0.6610169491525424,0.6891842008121077,0.6190476190476191,0.627906976744186,2.6525886501200448e-05,33.88341784477234
10,0.580821198476872,0.7122736418511066,0.6274685128679816,0.6509433962264151,0.6890756302521008,0.7257290513104466,0.6507936507936508,0.6511627906976745,2.5753048327204938e-05,33.550071001052856
11,0.5612489118182683,0.744466800804829,0.6529520705061139,0.6226415094339622,0.6610169491525424,0.6762643041712809,0.6190476190476191,0.627906976744186,2.4916996700787665e-05,34.56760501861572
12,0.5353599651238808,0.7404426559356136,0.6453498680636568,0.6037735849056604,0.6612903225806451,0.6648209671465485,0.6507936507936508,0.5348837209302325,2.402288615824086e-05,34.6208930015564
13,0.5508565520136889,0.7525150905432596,0.6420903565748682,0.6132075471698113,0.6771653543307087,0.666297526762643,0.6825396825396826,0.5116279069767442,2.3076229188381256e-05,34.62638998031616
14,0.5254639303180534,0.7424547283702213,0.6288665701758187,0.660377358490566,0.7313432835820896,0.705795496493171,0.7777777777777778,0.4883720930232558,2.2082862246223426e-05,34.69450497627258
15,0.5054201025598246,0.7706237424547284,0.6157976658839099,0.6792452830188679,0.7424242424242424,0.7139165743816906,0.7777777777777778,0.5348837209302325,2.10489097692938e-05,34.613089084625244
16,0.5010329187515996,0.7243460764587525,0.6297473817501428,0.660377358490566,0.7142857142857143,0.7124400147655962,0.7142857142857143,0.5813953488372093,1.9980746418436738e-05,34.709867000579834
17,0.4958606634581353,0.7665995975855131,0.6226621230818191,0.6698113207547169,0.7407407407407407,0.7135474344776669,0.7936507936507936,0.4883720930232558,1.8884957775910632e-05,34.30188703536987
18,0.4757585491932614,0.772635814889336,0.6339382079412352,0.6509433962264151,0.725925925925926,0.6895533407161315,0.7777777777777778,0.46511627906976744,1.776829974308335e-05,34.265158891677856
19,0.4693986157056551,0.7766599597585513,0.6500971362275897,0.6509433962264151,0.7218045112781954,0.692875599852344,0.7619047619047619,0.4883720930232558,1.6637656888053755e-05,34.248013734817505
20,0.4659487069012893,0.7585513078470825,0.6200807201412489,0.7075471698113207,0.7669172932330827,0.7320044296788483,0.8095238095238095,0.5581395348837209,1.55e-05,34.74188494682312
21,0.43614004435433706,0.8008048289738431,0.6369612037010912,0.6886792452830188,0.7480916030534351,0.7080103359173127,0.7777777777777778,0.5581395348837209,1.436234311194625e-05,35.365785121917725
22,0.4164281303973745,0.8169014084507042,0.64394422522131,0.6886792452830188,0.7591240875912408,0.7021040974529347,0.8253968253968254,0.4883720930232558,1.3231700256916656e-05,34.22468304634094
23,0.4415133732185517,0.7826961770623743,0.6319225166203841,0.6698113207547169,0.7286821705426356,0.7246216315983757,0.746031746031746,0.5581395348837209,1.2115042224089373e-05,34.72540497779846
24,0.4241010505908452,0.8108651911468813,0.6104092957838526,0.6698113207547169,0.7407407407407407,0.7478774455518642,0.7936507936507936,0.4883720930232558,1.1019253581563263e-05,33.7308030128479
25,0.4316683007437938,0.8048289738430584,0.5980078516141424,0.6981132075471698,0.75,0.7556293835363602,0.7619047619047619,0.6046511627906976,9.951090230706199e-06,33.52836608886719
26,0.41255118957227865,0.8108651911468813,0.6076425617595889,0.6886792452830188,0.7591240875912408,0.7571059431524548,0.8253968253968254,0.4883720930232558,8.917137753776572e-06,34.37404108047485
27,0.4122168101535237,0.8169014084507042,0.6037900728999444,0.6981132075471698,0.7611940298507462,0.751937984496124,0.8095238095238095,0.5348837209302325,7.923770811618742e-06,34.63535809516907
